Name,Color,Rarity,Seen,ALSA,Picked,ATA,GP,GP,GP WR,OH,OH WR,GD,GD WR,GIH,GIH WR,GNS,GNS WR,IWD
Another Round,W,R,64972,6.27,7953,9.59,1690,3.60%,46.60%,259,,402,,661,40.40%,1029,50.60%,-10.2pp
Archangel of Tithes,W,M,9905,2.08,3697,2.15,18171,82.70%,53.90%,2952,54.60%,4325,55.80%,7277,55.30%,10927,52.90%,2.4pp
Armored Armadillo,W,C,378941,7.89,40803,11.61,31423,12.90%,51.00%,5421,50.00%,7265,50.80%,12686,50.40%,18704,51.30%,-0.9pp
Aven Interrupter,W,R,24080,2.42,8609,2.64,44852,86.60%,55.50%,7735,56.60%,10692,57.50%,18427,57.10%,26391,54.30%,2.8pp
Bounding Felidar,W,U,98493,4.11,18079,5.53,86683,80.20%,54.60%,13034,53.60%,20093,55.40%,33127,54.70%,52462,54.40%,0.3pp
Bovine Intervention,W,U,136473,6.33,12508,9.99,18372,24.90%,50.70%,2815,46.70%,4488,51.00%,7303,49.40%,11046,51.60%,-2.3pp
Bridled Bighorn,W,C,331675,5.83,45982,8.5,179586,64.60%,54.90%,29350,53.40%,41113,54.20%,70463,53.80%,106849,55.40%,-1.5pp
Claim Jumper,W,R,27374,2.68,7264,3.14,37100,85.70%,54.10%,6654,53.70%,8627,54.80%,15281,54.30%,21825,54.00%,0.3pp
Dust Animus,W,R,13874,1.48,10422,1.47,61258,95.10%,56.70%,10868,60.20%,15325,61.50%,26193,61.00%,35091,53.60%,7.3pp
Eriette's Lullaby,W,C,328024,5.7,40155,8.6,128460,53.60%,53.10%,21713,50.70%,31308,54.50%,53021,52.90%,75256,53.20%,-0.3pp
Final Showdown,W,M,7883,1.73,4754,1.7,25195,86.60%,56.30%,4115,57.70%,6351,62.00%,10466,60.30%,14685,53.50%,6.8pp
"Fortune, Loyal Steed",W,R,19736,2.03,9194,2.12,50984,91.80%,55.80%,9058,58.00%,12137,57.20%,21195,57.50%,29077,54.30%,3.2pp
Frontier Seeker,W,U,90392,3.75,23474,4.61,123372,85.80%,56.80%,22249,58.60%,28002,56.50%,50251,57.40%,73064,56.30%,1.0pp
Getaway Glamer,W,U,97479,4.05,25220,4.92,130368,84.30%,56.60%,21538,56.40%,32006,59.70%,53544,58.40%,76650,55.30%,3.1pp
High Noon,W,R,58999,5.77,6611,9.04,3171,8.10%,49.00%,503,46.10%,729,49.50%,1232,48.10%,1936,49.50%,-1.4pp
Holy Cow,W,C,289990,4.75,49011,6.66,249507,83.80%,55.70%,43607,55.80%,58873,57.30%,102480,56.70%,146944,55.00%,1.7pp
Inventive Wingsmith,W,C,375189,7.58,42227,11.13,45954,18.20%,51.70%,7758,49.90%,11016,51.20%,18774,50.70%,27178,52.40%,-1.7pp
Lassoed by the Law,W,U,58974,2.54,26566,2.8,152891,93.20%,57.20%,25793,58.60%,37625,62.20%,63418,60.70%,89298,54.70%,6.0pp
Mystical Tether,W,C,212079,3.49,57457,4.38,319723,91.80%,55.60%,54337,55.00%,77557,58.00%,131894,56.80%,187531,54.70%,2.1pp
Nurturing Pixie,W,U,129524,5.52,18152,7.97,57355,52.70%,54.40%,9625,52.80%,13399,55.40%,23024,54.30%,34330,54.50%,-0.2pp
Omenport Vigilante,W,U,113567,4.74,19058,6.53,82761,72.40%,54.50%,14560,55.60%,18706,53.20%,33266,54.30%,49496,54.60%,-0.3pp
One Last Job,W,R,36105,3.48,7315,4.41,29444,67.50%,54.50%,4587,51.30%,6904,56.70%,11491,54.60%,17921,54.50%,0.1pp
Outlaw Medic,W,C,336522,5.92,48537,8.51,179405,61.60%,54.50%,31986,55.30%,41976,54.90%,73962,55.10%,105321,54.10%,1.0pp
Prairie Dog,W,U,71725,3.01,21514,3.57,116267,89.50%,55.50%,21162,58.50%,27199,55.50%,48361,56.80%,67991,54.50%,2.3pp
Prosperity Tycoon,W,U,98439,4,24601,5,126607,84.00%,56.50%,21089,57.00%,30297,58.30%,51386,57.80%,75233,55.70%,2.1pp
Requisition Raid,W,U,126226,5.46,15555,8.09,43136,46.00%,53.90%,6697,51.50%,9968,55.20%,16665,53.70%,26459,54.00%,-0.3pp
Rustler Rampage,W,U,146497,6.94,15722,10.49,15260,16.20%,52.60%,2282,50.00%,3489,52.70%,5771,51.70%,9489,53.10%,-1.5pp
Shepherd of the Clouds,W,U,61962,2.69,25240,3.01,143676,92.80%,56.50%,23211,56.50%,35196,60.90%,58407,59.10%,84941,54.70%,4.4pp
Sheriff of Safe Passage,W,U,124386,5.42,14651,8.01,44523,51.20%,52.90%,7583,51.70%,10191,53.00%,17774,52.40%,26762,53.30%,-0.9pp
Stagecoach Security,W,C,357862,6.61,47941,9.58,144097,49.80%,55.20%,22488,53.90%,33558,56.30%,56046,55.30%,88095,55.20%,0.1pp
Steer Clear,W,C,354512,6.56,45599,9.58,117225,42.70%,54.50%,19162,52.90%,26771,53.90%,45933,53.50%,71196,55.20%,-1.8pp
Sterling Keykeeper,W,C,341844,6.05,53317,8.55,223117,69.00%,55.60%,39202,55.20%,50610,55.50%,89812,55.40%,133220,55.70%,-0.3pp
Sterling Supplier,W,C,352645,6.48,51759,9.21,176839,56.40%,55.70%,27426,54.60%,41959,57.30%,69385,56.20%,107489,55.40%,0.8pp
Take Up the Shield,W,C,319300,5.48,57831,7.46,262320,74.40%,56.20%,42044,55.70%,61125,58.40%,103169,57.30%,158943,55.50%,1.9pp
Thunder Lasso,W,U,132166,5.92,16921,8.62,45532,45.00%,54.00%,7211,52.10%,10398,54.10%,17609,53.30%,27834,54.30%,-1.0pp
Trained Arynx,W,C,263522,4.46,62231,5.61,336000,87.80%,56.60%,60535,59.60%,74395,55.10%,134930,57.10%,196988,56.20%,0.9pp
Vengeful Townsfolk,W,C,348332,6.32,43593,9.32,139491,53.20%,54.70%,24102,54.40%,31895,54.00%,55997,54.20%,83569,55.10%,-0.9pp
Wanted Griffin,W,C,356425,6.56,44273,9.66,119312,44.80%,54.70%,19303,53.30%,28184,55.60%,47487,54.70%,71930,54.70%,0.0pp
Archmage's Newt,U,R,40883,3.87,7097,5.2,27239,66.90%,50.90%,4730,52.40%,7236,51.60%,11966,51.90%,15148,50.10%,1.9pp
Canyon Crab,U,U,117914,5.02,22442,6.63,97240,74.30%,52.30%,17330,53.50%,26353,54.40%,43683,54.10%,53245,50.80%,3.3pp
Daring Thunder-Thief,U,C,378592,7.92,44121,11.41,49733,19.30%,49.70%,8055,48.40%,13391,51.80%,21446,50.50%,28200,49.00%,1.5pp
Deepmuck Desperado,U,U,113131,5,20286,6.61,77882,67.00%,50.50%,13798,49.50%,21874,53.60%,35672,52.00%,42053,49.10%,2.9pp
Djinn of Fool's Fall,U,C,368647,7.33,41988,10.76,76657,31.60%,49.10%,12394,47.80%,20750,51.50%,33144,50.10%,43414,48.20%,1.9pp
Double Down,U,M,15478,3.38,3900,3.66,12722,56.70%,50.80%,2183,54.60%,3392,53.50%,5575,53.90%,7049,48.20%,5.7pp
Duelist of the Mind,U,R,25707,2.58,9636,2.76,49819,87.30%,53.70%,8844,58.80%,13856,57.20%,22700,57.80%,27004,50.10%,7.7pp
Emergent Haunting,U,U,122262,5.33,20883,7.07,75904,62.90%,51.00%,13436,52.50%,20927,51.60%,34363,52.00%,41427,50.10%,1.8pp
Failed Fording,U,C,368456,7.29,48270,10.44,108353,38.40%,51.00%,18116,49.30%,30250,55.10%,48366,52.90%,59526,49.40%,3.5pp
"Fblthp, Lost on the Range",U,R,34718,3.5,6516,4.3,25220,68.80%,48.40%,4208,45.10%,7107,49.40%,11315,47.80%,13815,48.70%,-0.9pp
Fleeting Reflection,U,U,152171,7.65,16539,11.35,9004,9.30%,47.00%,1387,44.20%,2440,50.20%,3827,48.00%,5139,46.10%,1.9pp
"Geralf, the Fleshwright",U,M,7945,1.71,4497,1.67,23675,89.20%,52.90%,4094,55.60%,6574,57.20%,10668,56.60%,12924,49.80%,6.8pp
Geyser Drake,U,C,341408,6.42,41360,9.34,123167,51.70%,50.30%,21331,49.30%,33145,52.60%,54476,51.30%,68479,49.50%,1.8pp
Harrier Strix,U,C,369025,7.53,41001,10.99,66453,28.00%,49.90%,11440,50.10%,17686,53.60%,29126,52.20%,37161,48.00%,4.2pp
Jailbreak Scheme,U,C,368478,7.19,55030,10,146258,45.00%,53.30%,24124,51.60%,40758,57.80%,64882,55.50%,80643,51.30%,4.2pp
The Key to the Vault,U,R,50541,5.1,5652,7.87,6020,18.60%,45.90%,998,41.40%,1546,46.00%,2544,44.20%,3441,47.10%,-3.0pp
Loan Shark,U,C,320957,5.62,48319,7.95,203769,72.20%,52.00%,33876,51.70%,56909,55.10%,90785,53.80%,112544,50.50%,3.3pp
Marauding Sphinx,U,U,80177,3.41,22345,4.01,113998,86.20%,53.60%,18530,55.00%,32461,58.60%,50991,57.30%,62701,50.40%,6.9pp
Metamorphic Blast,U,U,121983,5.19,20949,7.05,87412,70.70%,53.00%,14286,51.70%,24590,57.70%,38876,55.50%,48108,50.70%,4.8pp
Nimble Brigand,U,U,95272,4.02,20420,5.04,97537,82.50%,51.70%,17022,53.00%,26748,54.10%,43770,53.70%,53606,50.10%,3.6pp
Outlaw Stitcher,U,U,89666,3.79,22030,4.66,106421,83.50%,51.60%,17446,51.20%,29220,55.00%,46666,53.60%,59448,49.90%,3.7pp
Peerless Ropemaster,U,C,380342,7.98,45511,11.47,55228,20.60%,52.20%,8576,51.50%,15428,55.50%,24004,54.10%,31127,50.60%,3.5pp
Phantom Interference,U,C,332591,5.97,51025,8.33,200300,66.90%,53.00%,34741,54.30%,55135,57.00%,89876,56.00%,109510,50.50%,5.5pp
Plan the Heist,U,U,132575,5.82,21421,8,73306,57.80%,53.50%,11953,52.70%,20463,58.00%,32416,56.10%,40704,51.40%,4.6pp
Razzle-Dazzler,U,C,352470,6.99,42875,10.01,103167,41.90%,49.20%,18045,48.70%,28052,51.30%,46097,50.30%,56873,48.30%,2.0pp
Seize the Secrets,U,C,366759,7.22,45986,10.45,94563,35.30%,51.30%,16164,50.30%,26103,54.80%,42267,53.10%,52061,49.70%,3.4pp
Shackle Slinger,U,U,136667,6.32,15585,9.28,31616,35.40%,48.20%,5294,47.30%,8534,51.40%,13828,49.80%,17742,46.90%,2.9pp
Shifting Grift,U,U,151828,7.68,16357,11.42,6796,7.10%,46.30%,1073,43.50%,1881,48.20%,2954,46.50%,3822,46.00%,0.4pp
Slickshot Lockpicker,U,U,91622,3.8,24241,4.64,121889,85.80%,52.80%,20427,50.40%,34508,58.20%,54935,55.30%,66343,50.50%,4.8pp
Slickshot Vault-Buster,U,C,381430,8.24,44259,11.75,41871,16.20%,48.50%,7082,46.50%,11367,49.90%,18449,48.60%,23331,48.40%,0.2pp
Spring Splasher,U,C,372341,7.64,45247,10.89,80879,30.80%,48.90%,14029,49.80%,21341,49.70%,35370,49.70%,45298,48.20%,1.5pp
Step Between Worlds,U,R,65109,6.28,7932,9.6,1622,3.50%,45.30%,249,,458,,707,47.00%,910,43.80%,3.1pp
Stoic Sphinx,U,R,18792,1.96,9710,1.97,52534,90.00%,54.70%,8850,58.80%,14691,60.30%,23541,59.80%,28638,50.50%,9.3pp
Stop Cold,U,C,350340,6.6,44218,9.63,129171,50.10%,51.20%,20736,47.90%,35782,55.80%,56518,52.90%,72223,49.70%,3.2pp
Take the Fall,U,C,358754,6.87,57490,9.4,188732,55.70%,52.80%,32057,52.20%,53244,57.20%,85301,55.30%,102657,50.70%,4.6pp
This Town Ain't Big Enough,U,U,124728,5.33,22857,7.18,89917,67.80%,51.80%,14132,49.30%,25300,56.40%,39432,53.90%,50115,49.90%,4.0pp
Three Steps Ahead,U,R,26198,2.62,8939,2.86,45502,85.60%,53.50%,7502,53.60%,12970,60.50%,20472,58.00%,24751,49.60%,8.4pp
Visage Bandit,U,U,117397,4.96,19900,6.78,77894,67.50%,51.30%,12879,49.90%,21291,53.90%,34170,52.40%,43543,50.30%,2.1pp
Ambush Gigapede,B,C,353374,6.5,56899,9.1,200806,59.20%,54.00%,30291,53.30%,52538,57.90%,82829,56.20%,117417,52.40%,3.8pp
Binding Negotiation,B,U,132915,5.75,20988,8.11,68357,55.00%,52.90%,11737,53.70%,17722,55.00%,29459,54.50%,38747,51.70%,2.8pp
Blacksnag Buzzard,B,C,363578,6.95,43255,10.27,84771,33.30%,51.20%,14682,49.30%,20866,51.50%,35548,50.60%,49187,51.60%,-1.1pp
Blood Hustler,B,U,68007,2.89,21753,3.37,118753,92.20%,53.70%,21364,54.40%,30906,56.70%,52270,55.70%,66373,52.00%,3.7pp
Boneyard Desecrator,B,C,367330,7.2,42498,10.67,70359,28.20%,50.70%,11199,48.80%,17390,52.40%,28589,51.00%,41807,50.50%,0.5pp
Caustic Bronco,B,R,17915,1.86,10427,1.9,57595,92.20%,54.70%,10417,62.90%,14553,55.60%,24970,58.60%,32374,51.60%,7.0pp
Consuming Ashes,B,C,215823,3.69,62012,4.44,336563,90.30%,54.80%,55213,54.40%,88623,59.50%,143836,57.60%,191590,52.70%,4.9pp
Corrupted Conviction,B,C,379949,7.88,45097,11.41,48070,18.00%,52.30%,7732,51.80%,11787,52.60%,19519,52.30%,28511,52.20%,0.1pp
Desert's Due,B,C,238050,3.96,67050,4.89,360607,89.20%,54.90%,62614,55.00%,94121,58.90%,156735,57.30%,202620,52.90%,4.4pp
Desperate Bloodseeker,B,C,290396,4.78,63609,6.36,331861,87.10%,54.70%,59135,56.60%,83850,56.50%,142985,56.50%,188453,53.30%,3.3pp
Fake Your Own Death,B,C,370513,7.23,50207,10.41,98338,33.00%,53.30%,15602,53.20%,24519,56.00%,40121,54.90%,58048,52.10%,2.8pp
Forsaken Miner,B,U,108675,4.54,17568,6.24,77265,74.40%,53.10%,13825,58.10%,18345,51.40%,32170,54.30%,45052,52.20%,2.1pp
"Gisa, the Hellraiser",B,M,5919,1.27,4769,1.25,27287,94.20%,55.50%,4658,59.90%,7184,62.30%,11842,61.40%,14970,50.60%,10.8pp
Hollow Marauder,B,U,74799,3.24,29184,3.59,162523,91.40%,55.80%,25813,55.40%,42525,61.50%,68338,59.20%,93265,53.20%,6.0pp
Insatiable Avarice,B,R,43886,4.18,5875,6.08,15178,44.30%,51.70%,2484,48.40%,3915,56.00%,6399,53.10%,8737,50.60%,2.4pp
"Kaervek, the Punisher",B,R,22252,2.29,8225,2.43,41414,87.30%,51.40%,7049,49.30%,10720,53.00%,17769,51.50%,23513,51.20%,0.3pp
Lively Dirge,B,U,123651,5.28,22007,7.19,78921,60.00%,54.20%,12626,52.30%,20140,58.30%,32766,56.00%,45908,52.90%,3.1pp
Mourner's Surprise,B,C,338709,5.96,63395,8.12,254275,66.80%,54.70%,40931,52.70%,64792,58.30%,105723,56.10%,148036,53.70%,2.4pp
Neutralize the Guards,B,U,151578,7.31,18179,10.73,14915,13.90%,50.80%,2489,50.00%,3702,53.90%,6191,52.30%,8695,49.60%,2.7pp
Nezumi Linkbreaker,B,C,361443,6.93,47833,9.97,119461,42.10%,53.60%,20868,55.60%,29107,54.30%,49975,54.90%,69419,52.70%,2.2pp
Overzealous Muscle,B,C,375020,7.56,44190,11.09,68613,26.40%,50.00%,10503,47.40%,17546,51.00%,28049,49.60%,40596,50.20%,-0.6pp
Pitiless Carnage,B,R,63645,6.12,7536,9.46,2074,4.60%,46.60%,329,,533,47.50%,862,45.10%,1209,47.60%,-2.5pp
Rakish Crew,B,U,119443,5.28,17218,7.35,53276,53.50%,50.70%,9048,47.70%,13145,53.00%,22193,50.80%,31015,50.70%,0.2pp
Rattleback Apothecary,B,U,93847,3.83,18297,5.09,92637,86.00%,53.10%,16069,52.40%,23529,55.60%,39598,54.30%,53003,52.30%,2.0pp
Raven of Fell Omens,B,C,301976,5.15,49430,7.27,222604,76.70%,52.60%,39585,52.80%,57045,54.60%,96630,53.90%,125649,51.60%,2.2pp
Rictus Robber,B,U,96169,3.91,22179,5.08,112754,86.10%,53.40%,19183,53.40%,28609,55.30%,47792,54.60%,64851,52.60%,2.0pp
Rooftop Assassin,B,C,334855,5.83,48026,8.53,189468,66.70%,53.20%,30333,52.30%,48652,56.60%,78985,55.00%,110260,51.90%,3.1pp
Rush of Dread,B,R,22247,2.31,10410,2.37,55866,89.10%,55.00%,9184,55.20%,14552,62.20%,23736,59.50%,31709,51.40%,8.0pp
Servant of the Stinger,B,U,92471,3.69,23414,4.65,125022,89.30%,54.60%,22158,56.10%,31914,56.60%,54072,56.40%,70796,53.10%,3.3pp
Shoot the Sheriff,B,U,73311,3.07,23174,3.61,126811,91.30%,54.60%,22185,54.80%,32973,59.40%,55158,57.50%,71215,52.20%,5.4pp
Skulduggery,B,C,350389,6.36,52709,9.03,160075,51.60%,52.20%,26333,51.30%,40185,54.20%,66518,53.10%,93273,51.50%,1.6pp
Tinybones Joins Up,B,R,53810,5.2,5873,8.18,4653,13.50%,47.90%,775,46.20%,1178,49.70%,1953,48.30%,2688,47.50%,0.8pp
"Tinybones, the Pickpocket",B,M,9825,2,3803,2.13,19499,87.50%,53.50%,3389,57.10%,4981,55.20%,8370,56.00%,11084,51.60%,4.4pp
Treasure Dredger,B,U,113778,4.66,20780,6.41,96895,79.30%,52.40%,17522,53.70%,24213,52.70%,41735,53.10%,55051,51.90%,1.2pp
Unfortunate Accident,B,U,75637,3.12,24182,3.66,131838,90.70%,54.50%,21964,53.60%,34558,59.00%,56522,56.90%,74866,52.50%,4.4pp
Unscrupulous Contractor,B,U,106060,4.33,20080,5.89,93311,78.70%,53.10%,15952,51.70%,23509,55.80%,39461,54.10%,53683,52.40%,1.7pp
"Vadmir, New Blood",B,R,17258,1.8,9641,1.84,53753,93.30%,54.50%,9657,59.90%,13943,56.60%,23600,57.90%,30135,51.70%,6.2pp
Vault Plunderer,B,C,263643,4.3,63725,5.57,346712,90.10%,55.20%,61585,56.30%,89025,58.00%,150610,57.30%,195586,53.50%,3.8pp
Brimstone Roundup,R,U,136221,6.39,15471,9.37,26168,29.30%,48.20%,4456,46.40%,6816,48.80%,11272,47.90%,14861,48.30%,-0.5pp
"Calamity, Galloping Inferno",R,R,15262,1.64,8614,1.63,46075,90.40%,53.40%,7529,53.30%,10945,56.40%,18474,55.10%,27128,52.00%,3.2pp
Caught in the Crossfire,R,U,141966,6.63,14837,9.95,18538,21.40%,49.60%,2944,46.50%,4485,49.90%,7429,48.50%,11080,50.30%,-1.8pp
Cunning Coyote,R,U,105051,4.32,18646,5.71,88402,79.80%,53.80%,15708,55.30%,20162,53.70%,35870,54.40%,52484,53.30%,1.1pp
Deadeye Duelist,R,C,325946,5.79,40978,8.3,158103,66.30%,51.20%,27959,50.40%,37340,51.50%,65299,51.10%,92626,51.20%,-0.1pp
Demonic Ruckus,R,U,130005,5.64,16332,8.11,50369,52.70%,52.70%,8531,53.40%,11488,52.30%,20019,52.80%,30328,52.60%,0.2pp
Discerning Peddler,R,C,350005,6.45,43830,9.22,160549,61.60%,53.50%,28540,54.20%,36959,52.90%,65499,53.50%,94970,53.40%,0.1pp
Explosive Derailment,R,C,260730,4.28,47085,5.77,238217,85.40%,53.50%,40091,52.40%,57562,55.80%,97653,54.40%,140159,52.80%,1.6pp
Ferocification,R,U,137895,6.51,13941,9.88,20791,25.40%,51.20%,3348,48.70%,4680,51.00%,8028,50.10%,12760,51.90%,-1.8pp
Gila Courser,R,U,106504,4.39,19000,5.84,87913,77.90%,53.50%,15401,53.30%,20124,53.20%,35525,53.20%,52116,53.60%,-0.4pp
Great Train Heist,R,R,29332,2.95,6903,3.41,30551,75.80%,52.30%,4668,51.50%,7053,55.20%,11721,53.70%,18780,51.40%,2.4pp
Hell to Pay,R,R,30048,2.92,6532,3.49,31534,83.20%,51.30%,5334,48.90%,7546,53.30%,12880,51.50%,18582,51.20%,0.3pp
Hellspur Brute,R,U,106273,4.47,16648,6.02,76339,77.50%,52.90%,12359,53.40%,18047,54.40%,30406,54.00%,45990,52.20%,1.8pp
Hellspur Posse Boss,R,R,17942,1.91,8912,1.92,48308,88.60%,55.80%,8233,60.60%,11549,61.60%,19782,61.20%,28381,52.00%,9.2pp
Highway Robbery,R,C,371604,7.38,45939,10.58,96376,35.60%,52.20%,16824,49.90%,23639,53.40%,40463,51.90%,55806,52.40%,-0.4pp
Irascible Wolverine,R,C,338276,6.02,46088,8.55,165775,60.90%,52.70%,28501,51.00%,39487,53.00%,67988,52.10%,97691,53.10%,-1.0pp
Iron-Fist Pulverizer,R,C,368777,7.29,39579,10.77,68810,29.50%,51.20%,10722,49.40%,17509,53.20%,28231,51.80%,40641,50.80%,1.0pp
Longhorn Sharpshooter,R,U,74546,3.06,20343,3.72,109403,89.60%,54.40%,18713,55.60%,26431,57.30%,45144,56.60%,64101,52.80%,3.8pp
"Magda, the Hoardmaster",R,R,17415,1.8,8217,1.84,43900,90.90%,52.70%,7926,56.60%,10757,54.00%,18683,55.10%,25170,51.00%,4.1pp
Magebane Lizard,R,U,150633,7.48,14682,11.35,8023,9.30%,49.40%,1378,45.50%,1808,46.80%,3186,46.20%,4837,51.40%,-5.2pp
Mine Raider,R,C,346794,6.34,40297,9.26,128139,54.10%,51.70%,21833,50.80%,29854,51.70%,51687,51.40%,76368,51.90%,-0.6pp
Outlaws' Fury,R,C,382144,8.24,41983,11.82,38944,15.70%,52.30%,5955,50.20%,8650,53.00%,14605,51.90%,24323,52.60%,-0.7pp
Prickly Pair,R,C,297569,5.02,49573,6.8,236591,80.10%,53.80%,41200,54.40%,54694,54.10%,95894,54.20%,140531,53.60%,0.6pp
Quick Draw,R,C,382205,8.29,39461,12.06,24060,10.30%,50.80%,3701,48.50%,5457,50.10%,9158,49.50%,14877,51.50%,-2.1pp
Quilled Charger,R,C,365573,7,41594,10.27,95807,39.10%,52.30%,15653,50.80%,21441,51.40%,37094,51.10%,58395,53.00%,-1.8pp
Reckless Lackey,R,C,352391,6.72,37153,9.86,98937,45.50%,52.10%,17431,54.10%,22439,50.60%,39870,52.10%,59008,52.10%,0.1pp
Resilient Roadrunner,R,U,121706,5.13,17774,7.13,71860,68.30%,53.30%,12630,53.90%,16430,52.90%,29060,53.30%,42796,53.20%,0.1pp
Return the Favor,R,U,146266,7.03,15950,10.42,17703,19.00%,49.60%,2705,46.40%,4206,50.00%,6911,48.60%,10761,50.20%,-1.6pp
Rodeo Pyromancers,R,C,368966,7.61,34825,11.48,32759,16.10%,48.00%,5163,47.90%,8180,47.90%,13343,47.90%,19432,48.10%,-0.2pp
Scalestorm Summoner,R,U,91651,3.81,17919,4.91,85602,79.70%,54.40%,14849,57.40%,19318,53.70%,34167,55.30%,51474,53.80%,1.5pp
Scorching Shot,R,U,91829,3.79,17431,4.93,87452,84.50%,53.50%,14485,52.80%,20831,55.50%,35316,54.40%,52028,52.90%,1.5pp
Slickshot Show-Off,R,R,24650,2.53,6188,2.75,28188,78.90%,51.20%,5030,52.30%,6856,51.60%,11886,51.90%,16273,50.80%,1.1pp
Stingerback Terror,R,R,15980,1.67,9046,1.67,50877,93.10%,55.00%,8871,57.50%,12482,59.80%,21353,58.90%,29393,52.10%,6.8pp
Take for a Ride,R,U,143619,6.61,18081,9.57,31777,30.10%,51.20%,4941,49.10%,7414,52.50%,12355,51.20%,19372,51.20%,0.0pp
Terror of the Peaks,R,M,5974,1.27,4546,1.25,25138,92.70%,54.30%,4192,58.00%,6191,60.80%,10383,59.70%,14607,50.30%,9.4pp
Thunder Salvo,R,C,302605,5.15,43732,7.24,187361,72.90%,52.50%,31982,52.10%,45230,53.80%,77212,53.10%,109825,52.10%,1.0pp
Trick Shot,R,C,369436,7.28,40555,10.72,64903,27.10%,51.50%,9862,49.20%,15565,53.60%,25427,51.90%,39399,51.20%,0.6pp
Aloe Alchemist,G,U,71857,2.94,24489,3.51,139522,93.40%,56.10%,24690,57.60%,32079,57.40%,56769,57.50%,82494,55.10%,2.3pp
Ankle Biter,G,C,339925,5.97,47369,8.79,175803,61.70%,54.20%,30629,54.80%,40520,53.00%,71149,53.80%,104164,54.50%,-0.6pp
Beastbond Outcaster,G,U,73821,3.06,25241,3.61,143474,92.80%,56.70%,25154,59.10%,33415,57.90%,58569,58.40%,84659,55.50%,2.9pp
Betrayal at the Vault,G,U,113677,4.67,23076,6.22,107952,77.50%,55.30%,16058,53.80%,25667,57.90%,41725,56.30%,66022,54.60%,1.7pp
Bristlepack Sentry,G,C,328849,5.6,59955,7.79,276091,75.90%,55.30%,48758,55.90%,62011,54.30%,110769,55.00%,164893,55.50%,-0.5pp
"Bristly Bill, Spine Sower",G,M,6057,1.28,5089,1.28,29948,93.90%,58.00%,5453,66.80%,7243,61.10%,12696,63.50%,17175,53.80%,9.7pp
Cactarantula,G,C,230573,3.86,58606,4.94,321718,90.30%,55.50%,51536,55.30%,77275,57.40%,128811,56.60%,192095,54.80%,1.7pp
Colossal Rattlewurm,G,R,14028,1.47,10343,1.48,59891,94.30%,56.70%,10339,60.40%,14308,61.10%,24647,60.80%,34985,53.80%,7.0pp
Dance of the Tumbleweeds,G,C,262191,4.31,57441,5.75,297531,85.30%,55.60%,51461,54.10%,70917,58.40%,122378,56.60%,174162,54.90%,1.7pp
Drover Grizzly,G,C,302824,4.99,57520,6.93,293753,84.20%,55.60%,50789,54.90%,66339,55.00%,117128,55.00%,174270,55.90%,-0.9pp
Freestrider Commando,G,C,306172,5.03,47932,7.32,218254,76.00%,53.70%,37368,52.70%,51021,53.20%,88389,53.00%,129881,54.20%,-1.1pp
Freestrider Lookout,G,R,18095,1.85,9490,1.92,52089,92.10%,54.40%,9359,56.60%,12489,55.70%,21848,56.00%,30195,53.20%,2.9pp
Full Steam Ahead,G,U,142938,6.48,18538,9.51,38212,34.40%,53.60%,5629,51.20%,8792,55.90%,14421,54.10%,23748,53.20%,0.8pp
Giant Beaver,G,C,254821,4.1,56120,5.55,313772,92.10%,55.50%,52595,55.00%,72995,55.90%,125590,55.50%,185919,55.50%,0.0pp
Gold Rush,G,U,138561,5.82,19647,8.54,58674,50.00%,53.30%,9341,51.30%,13394,53.70%,22735,52.70%,35810,53.60%,-0.9pp
Goldvein Hydra,G,M,6188,1.31,4921,1.31,28589,94.40%,55.90%,5061,56.10%,6897,61.20%,11958,59.00%,16431,53.30%,5.7pp
Hardbristle Bandit,G,C,216982,3.53,53708,4.58,294646,91.00%,55.10%,53354,58.80%,66771,53.10%,120125,55.60%,173786,54.70%,0.9pp
Intrepid Stablemaster,G,U,72320,2.98,22633,3.59,129153,93.20%,55.90%,23176,59.40%,28859,54.70%,52035,56.80%,76920,55.30%,1.5pp
Map the Frontier,G,U,140836,6.35,16528,9.59,28380,29.20%,51.10%,4797,49.30%,6796,50.90%,11593,50.20%,16725,51.70%,-1.5pp
Ornery Tumblewagg,G,R,13397,1.4,10488,1.4,62335,95.40%,57.50%,11155,64.70%,14796,60.90%,25951,62.50%,35705,53.80%,8.8pp
Outcaster Greenblade,G,U,57923,2.54,28932,2.75,165234,92.20%,57.50%,29871,61.10%,39526,61.40%,69397,61.30%,95350,54.70%,6.6pp
Outcaster Trailblazer,G,R,15800,1.65,9835,1.66,55929,93.40%,56.10%,10018,60.50%,13133,58.30%,23151,59.30%,32671,53.80%,5.5pp
Patient Naturalist,G,C,276358,4.54,65697,5.95,340160,85.00%,56.00%,60728,56.70%,78685,56.30%,139413,56.50%,200139,55.60%,0.9pp
Railway Brawler,G,M,5809,1.23,5056,1.22,30618,96.40%,58.00%,5326,66.50%,7517,64.10%,12843,65.10%,17462,52.50%,12.6pp
Rambling Possum,G,U,90609,3.64,22323,4.68,121143,90.10%,55.10%,21148,54.60%,27622,54.60%,48770,54.60%,71470,55.30%,-0.7pp
Raucous Entertainer,G,U,99138,3.98,20507,5.32,104202,85.60%,53.70%,18313,52.60%,23580,52.40%,41893,52.50%,62147,54.60%,-2.1pp
Reach for the Sky,G,C,374479,7.5,47887,10.84,67796,23.50%,54.50%,10460,53.80%,15643,56.20%,26103,55.30%,41600,54.10%,1.2pp
Rise of the Varmints,G,U,127296,5.4,21525,7.39,66867,52.10%,53.30%,10587,50.30%,15898,56.90%,26485,54.20%,40185,52.70%,1.6pp
Smuggler's Surprise,G,R,30169,2.98,8021,3.45,37921,78.70%,55.20%,6287,55.00%,8989,57.80%,15276,56.70%,22535,54.10%,2.6pp
Snakeskin Veil,G,C,298300,4.95,62554,6.7,319969,84.10%,56.00%,51234,56.40%,74425,57.60%,125659,57.10%,193480,55.30%,1.8pp
Spinewoods Armadillo,G,U,54645,2.37,25887,2.62,151453,94.70%,57.10%,26462,60.00%,36214,61.00%,62676,60.60%,88099,54.50%,6.1pp
Spinewoods Paladin,G,C,238534,3.86,61815,5,350687,93.30%,55.70%,58654,55.60%,84058,58.00%,142712,57.00%,207531,54.90%,2.1pp
Stubborn Burrowfiend,G,U,77731,3.25,28870,3.76,163606,92.00%,56.60%,29710,59.50%,37343,56.50%,67053,57.80%,95381,55.70%,2.1pp
Throw from the Saddle,G,C,201483,3.4,68560,4.06,394270,93.40%,56.70%,65786,57.50%,93267,59.90%,159053,58.90%,234062,55.10%,3.8pp
Trash the Town,G,U,85430,3.48,24820,4.25,135766,89.30%,56.40%,22157,56.00%,31880,59.60%,54037,58.10%,81347,55.30%,2.9pp
Tumbleweed Rising,G,C,341942,6.07,53059,8.66,166349,51.80%,55.30%,26976,54.80%,38449,56.30%,65425,55.70%,100612,55.00%,0.7pp
Voracious Varmint,G,C,323802,5.35,55383,7.64,259905,77.60%,55.00%,45368,54.80%,59140,54.40%,104508,54.60%,154819,55.30%,-0.7pp
Akul the Unrepentant,BR,R,33586,3.41,6746,4.1,25683,65.90%,51.30%,4112,52.00%,6371,54.60%,10483,53.60%,15150,49.70%,3.9pp
"Annie Flash, the Veteran",WRG,M,10134,2.2,4899,2.18,25524,86.00%,55.80%,4157,56.60%,5985,60.90%,10142,59.20%,15266,53.50%,5.6pp
Annie Joins Up,WRG,R,53429,5.04,7651,7.3,16593,36.40%,53.50%,2683,52.70%,3746,54.20%,6429,53.60%,10144,53.50%,0.1pp
Assimilation Aegis,WU,M,11876,2.53,4708,2.62,21648,77.80%,53.60%,3647,54.30%,5722,58.40%,9369,56.80%,12199,51.00%,5.8pp
At Knifepoint,BR,U,111557,5.04,17847,6.72,63553,62.30%,50.00%,10676,49.70%,15899,50.70%,26575,50.30%,36811,49.70%,0.5pp
Badlands Revival,BG,U,100005,4.24,26853,5.21,125545,78.00%,54.60%,19761,52.50%,31600,58.70%,51361,56.30%,73549,53.40%,3.0pp
Baron Bertram Graywater,WB,U,115947,5.06,19067,6.96,65105,57.90%,52.60%,10615,50.80%,16589,55.70%,27204,53.80%,37935,51.80%,2.0pp
"Bonny Pall, Clearcutter",UG,R,14966,1.64,11113,1.58,64088,92.50%,57.40%,10693,64.10%,17097,67.60%,27790,66.20%,35394,50.00%,16.3pp
"Breeches, the Blastmaker",UR,R,48183,4.78,6949,6.68,14235,35.70%,48.50%,2416,48.30%,3852,50.20%,6268,49.50%,7955,47.60%,1.8pp
"Bruse Tarl, Roving Rancher",WR,R,20060,2.14,10576,2.12,57589,89.00%,56.20%,10001,60.20%,13672,61.30%,23673,60.80%,33764,53.00%,7.8pp
Cactusfolk Sureshot,RG,U,94251,4.03,19836,5.13,91069,76.10%,55.40%,15161,57.80%,20739,56.90%,35900,57.30%,55090,54.10%,3.2pp
Congregation Gryff,WG,U,81315,3.48,24181,4.1,128769,86.20%,57.10%,22471,58.20%,29741,57.50%,52212,57.80%,74653,56.40%,1.4pp
"Doc Aurlock, Grizzled Genius",UG,U,124788,5.67,18426,7.81,50261,47.00%,51.70%,8456,53.60%,12638,51.80%,21094,52.60%,28819,51.10%,1.5pp
"Eriette, the Beguiler",WUB,R,61046,5.8,7433,8.95,4155,9.50%,51.50%,687,47.70%,1156,56.90%,1843,53.50%,2312,49.90%,3.6pp
"Ertha Jo, Frontier Mentor",WR,U,107909,4.61,18870,6.19,72661,64.50%,54.30%,11872,55.10%,16585,56.60%,28457,56.00%,44215,53.20%,2.7pp
Form a Posse,WR,U,124557,5.37,18778,7.57,60784,54.50%,53.10%,9488,51.10%,14052,55.70%,23540,53.90%,37187,52.50%,1.3pp
"Ghired, Mirror of the Wilds",WRG,M,18784,3.77,3295,4.93,9025,46.70%,53.20%,1475,51.90%,1993,54.90%,3468,53.60%,5552,52.90%,0.7pp
"The Gitrog, Ravenous Ride",BG,M,7081,1.52,5085,1.49,28641,92.80%,55.60%,4823,57.50%,7104,61.40%,11927,59.90%,16247,52.00%,7.8pp
Honest Rutstein,BG,U,72671,3.19,26302,3.61,136815,85.70%,55.60%,23167,55.50%,33879,60.20%,57046,58.30%,78881,53.50%,4.8pp
Intimidation Campaign,UB,U,105646,4.67,23192,5.78,96497,71.00%,52.30%,16386,50.20%,26861,56.70%,43247,54.20%,52480,50.50%,3.8pp
"Jem Lightfoote, Sky Explorer",WU,U,110467,4.9,17006,6.69,56964,58.30%,50.30%,9435,49.50%,15541,52.90%,24976,51.60%,32015,49.30%,2.3pp
"Jolene, Plundering Pugilist",RG,U,97774,4.17,19351,5.4,85877,73.70%,54.80%,14805,56.40%,19505,55.90%,34310,56.10%,51541,53.90%,2.3pp
"Kambal, Profiteering Mayor",WB,R,34872,3.53,7678,4.27,30488,67.60%,52.80%,5131,55.30%,7609,55.70%,12740,55.50%,17734,50.90%,4.6pp
Kellan Joins Up,WUG,R,61665,5.97,7408,9.23,2253,5.20%,45.20%,359,,581,43.70%,940,41.30%,1298,47.90%,-6.6pp
"Kellan, the Kid",WUG,M,14890,3.14,3813,3.56,13557,61.70%,51.80%,2327,54.00%,3438,55.90%,5765,55.10%,7750,49.10%,6.1pp
"Kraum, Violent Cacophony",UR,U,110184,4.93,18101,6.52,66007,62.70%,51.30%,10973,52.30%,18839,55.00%,29812,54.00%,36172,49.00%,5.0pp
Laughing Jasper Flint,BR,R,17116,1.84,10164,1.81,56217,91.70%,54.30%,9688,58.00%,14297,58.60%,23985,58.30%,31888,51.10%,7.2pp
"Lazav, Familiar Stranger",UB,U,103461,4.47,21365,5.72,90798,73.00%,52.00%,15470,51.70%,25423,55.40%,40893,54.00%,49709,50.20%,3.8pp
"Lilah, Undefeated Slickshot",UR,R,45551,4.54,7113,6.15,19021,46.30%,50.30%,3262,51.80%,5426,53.30%,8688,52.70%,10295,48.20%,4.5pp
Make Your Own Luck,UG,U,113731,4.83,24549,6.32,98154,67.30%,53.60%,15954,53.10%,25475,56.60%,41429,55.20%,56395,52.30%,2.9pp
"Malcolm, the Eyes",UR,R,37464,3.87,7577,4.65,28057,63.50%,51.90%,4855,55.80%,7896,56.10%,12751,56.00%,15228,48.30%,7.7pp
"Marchesa, Dealer of Death",UBR,R,34630,3.51,8967,3.95,34845,67.20%,50.80%,5730,50.80%,9739,54.90%,15469,53.40%,19279,48.60%,4.8pp
"Miriam, Herd Whisperer",WG,U,82473,3.64,24100,4.15,123043,82.60%,57.20%,21489,60.30%,27619,57.50%,49108,58.70%,73878,56.20%,2.5pp
"Obeka, Splitter of Seconds",UBR,R,61555,6.02,7005,9.43,1014,2.50%,39.50%,159,,256,,415,,600,41.50%,
"Oko, the Ringleader",UG,M,6429,1.36,4785,1.34,25708,90.50%,54.30%,4308,57.30%,6627,59.50%,10935,58.60%,14629,50.90%,7.7pp
Pillage the Bog,BG,R,50940,4.71,8855,6.54,26446,50.80%,53.50%,4418,50.80%,6574,57.60%,10992,54.90%,15383,52.60%,2.3pp
Rakdos Joins Up,BR,R,37582,3.71,6644,4.79,22781,58.90%,51.90%,3607,49.80%,5570,55.60%,9177,53.40%,13507,50.70%,2.6pp
"Rakdos, the Muscle",BR,M,7404,1.63,4906,1.58,27699,91.60%,56.20%,4667,62.50%,7248,64.90%,11915,64.00%,15466,49.70%,14.3pp
Riku of Many Paths,URG,R,56029,5.38,7456,8,6554,15.00%,49.00%,1085,46.50%,1800,51.20%,2885,49.50%,3658,48.60%,0.9pp
"Roxanne, Starfall Savant",RG,R,15371,1.65,10676,1.62,61863,92.80%,57.40%,10545,63.60%,14943,63.80%,25488,63.70%,35897,52.80%,11.0pp
Ruthless Lawbringer,WB,U,109902,4.69,24279,5.91,103753,71.00%,55.50%,17199,55.90%,26224,59.80%,43423,58.20%,60130,53.60%,4.6pp
"Satoru, the Infiltrator",UB,R,38864,3.89,8035,4.84,26801,57.60%,51.10%,4605,52.20%,7379,54.60%,11984,53.70%,14754,48.90%,4.8pp
"Selvala, Eager Trailblazer",WG,M,6919,1.47,5109,1.46,29007,92.40%,56.40%,4958,63.70%,7032,61.00%,11990,62.10%,16963,52.30%,9.8pp
Seraphic Steed,WG,R,18896,2.06,10287,2.05,57416,89.70%,57.60%,10172,66.00%,13286,60.30%,23458,62.80%,33117,53.80%,9.0pp
Slick Sequence,UR,U,126837,5.76,18424,7.94,58791,54.50%,51.70%,9875,52.30%,16885,57.00%,26760,55.20%,31834,48.60%,6.7pp
"Taii Wakeen, Perfect Shot",WR,R,46532,4.55,7385,6.25,19760,45.40%,52.60%,3453,53.70%,4313,52.00%,7766,52.70%,12007,52.60%,0.2pp
"Vial Smasher, Gleeful Grenadier",BR,U,101356,4.54,17109,5.93,69973,70.10%,51.90%,11981,55.70%,16820,52.80%,28801,54.00%,41123,50.40%,3.6pp
Vraska Joins Up,BG,R,57885,5.62,6624,8.82,3151,8.10%,45.80%,462,,746,46.40%,1208,43.60%,1932,47.00%,-3.4pp
"Vraska, the Silencer",BG,M,10774,2.26,4119,2.38,19087,79.10%,52.70%,3270,52.80%,4729,55.80%,7999,54.60%,11028,51.30%,3.3pp
Wrangler of the Damned,WU,U,115190,5.11,18270,6.95,60479,57.70%,49.90%,9795,48.60%,16511,52.10%,26306,50.80%,34093,49.20%,1.6pp
"Wylie Duke, Atiin Hero",WG,R,23066,2.41,9901,2.46,51459,85.30%,56.50%,9037,59.10%,11753,60.10%,20790,59.70%,30630,54.30%,5.4pp
Bandit's Haul,,U,129911,5.44,22108,7.34,82856,63.20%,53.00%,15147,53.30%,21464,54.10%,36611,53.70%,46122,52.30%,1.4pp
Boom Box,,U,157524,7.71,17591,11.4,9248,8.90%,51.10%,1469,47.80%,2385,52.80%,3854,50.90%,5372,51.30%,-0.4pp
Gold Pan,,C,380819,7.59,46768,11,60891,21.80%,52.50%,11002,53.50%,13725,51.40%,24727,52.30%,35979,52.60%,-0.3pp
Lavaspur Boots,,U,152968,7.32,15203,11.17,10933,12.10%,53.30%,1802,53.60%,2412,50.70%,4214,51.90%,6702,54.10%,-2.2pp
Luxurious Locomotive,,U,153700,7.21,17438,10.76,18406,17.70%,50.80%,2832,48.00%,4475,50.40%,7307,49.50%,11106,51.70%,-2.3pp
Mobile Homestead,,U,118895,4.77,23457,6.42,104882,73.80%,55.40%,19121,58.60%,23610,53.80%,42731,55.90%,62106,55.10%,0.9pp
Oasis Gardener,,C,354784,6.18,50857,8.99,171480,56.70%,53.20%,30948,53.10%,41731,54.40%,72679,53.90%,98417,52.60%,1.2pp
Redrock Sentinel,,U,150233,6.77,23193,9.53,65552,47.30%,53.90%,11424,52.30%,16533,55.90%,27957,54.40%,37479,53.40%,1.0pp
Silver Deputy,,C,368473,6.85,46880,9.99,114152,41.40%,51.20%,21639,49.20%,26618,50.60%,48257,49.90%,65653,52.10%,-2.2pp
Sterling Hound,,C,383024,7.63,54473,10.78,104287,32.10%,53.40%,18563,52.40%,25113,54.10%,43676,53.40%,60445,53.40%,-0.1pp
Tomb Trawler,,U,160843,8.35,20148,11.8,11059,9.30%,51.20%,1883,46.00%,2980,51.70%,4863,49.50%,6146,52.40%,-2.9pp
Abraded Bluffs,,C,176772,5.05,33251,7.04,155147,77.70%,54.40%,27832,56.20%,34840,52.70%,62672,54.30%,88906,54.10%,0.2pp
Arid Archway,,U,144359,6.16,22924,8.68,85525,62.70%,53.60%,14243,50.10%,19739,52.00%,33982,51.20%,49092,54.70%,-3.5pp
Bristling Backwoods,,C,165608,4.63,34202,6.4,171724,83.00%,55.00%,31545,57.50%,37432,53.20%,68977,55.10%,96957,54.40%,0.8pp
Conduit Pylons,,C,321231,5.08,61805,7.17,339925,90.90%,55.10%,62465,55.30%,79052,56.10%,141517,55.70%,187520,54.10%,1.6pp
Creosote Heath,,C,159690,4.4,36767,5.97,199080,89.10%,55.90%,37046,58.40%,42911,53.80%,79957,55.90%,112573,55.50%,0.4pp
Eroded Canyon,,C,176869,5.19,33279,7.13,150543,76.70%,52.90%,27430,54.50%,38524,54.10%,65954,54.20%,81734,51.40%,2.9pp
Festering Gulch,,C,158838,4.45,39885,5.91,210879,87.70%,55.20%,38668,57.30%,48540,55.40%,87208,56.20%,115644,53.70%,2.5pp
Forlorn Flats,,C,173535,4.9,37911,6.69,187257,82.20%,54.70%,34245,56.60%,44134,54.90%,78379,55.60%,104413,53.60%,2.0pp
Jagged Barrens,,C,162632,4.61,33951,6.26,170459,84.20%,53.80%,31408,55.80%,41552,54.20%,72960,54.90%,94283,52.50%,2.4pp
Lonely Arroyo,,C,180671,5.26,35144,7.29,155624,74.60%,53.60%,28111,54.90%,38415,54.00%,66526,54.30%,85417,52.50%,1.8pp
Lush Oasis,,C,168011,4.79,37092,6.48,181965,81.50%,54.70%,33404,56.60%,43576,55.00%,76980,55.70%,98616,53.30%,2.4pp
Mirage Mesa,,C,284689,4.36,62331,6.05,355219,94.90%,54.60%,65918,56.40%,82462,52.80%,148380,54.40%,201711,54.60%,-0.3pp
Sandstorm Verge,,U,153740,7.02,19098,10.3,49176,42.90%,54.40%,7964,54.00%,11216,54.80%,19180,54.50%,28929,54.00%,0.5pp
Soured Springs,,C,164645,4.72,37535,6.26,187893,84.10%,54.00%,34697,56.40%,48132,55.50%,82829,55.90%,100969,52.00%,3.9pp
Jace Reawakened,U,M,10329,2.14,3372,2.22,14541,76.50%,49.40%,2468,48.20%,4042,52.30%,6510,50.70%,7981,48.30%,2.5pp
Bucolic Ranch,,U,145632,6.21,23283,8.74,84212,59.40%,56.70%,14524,56.70%,18054,55.40%,32578,56.00%,49009,56.80%,-0.8pp
Blooming Marsh,,R,44765,3.81,8854,5.29,38331,73.30%,53.30%,7100,55.50%,8844,52.10%,15944,53.60%,22272,53.10%,0.6pp
Botanical Sanctum,,R,46735,4.05,8220,5.72,30863,64.20%,52.70%,5775,54.70%,7554,51.90%,13329,53.20%,17302,52.30%,0.9pp
Concealed Courtyard,,R,47549,4.08,7982,5.89,30579,64.50%,53.70%,5702,56.00%,7045,52.30%,12747,53.90%,17821,53.50%,0.4pp
Inspiring Vantage,,R,47483,4.1,7388,5.84,27786,63.50%,53.70%,5235,53.80%,6018,51.40%,11253,52.50%,16512,54.40%,-1.9pp
Spirebluff Canal,,R,48549,4.24,7231,6.11,24811,59.40%,50.40%,4517,53.50%,6334,50.60%,10851,51.80%,13890,49.20%,2.6pp
Stoneforge Mystic,W,M,3888,3.67,638,4.85,1142,30.30%,53.30%,184,,247,,431,,710,50.30%,
Brazen Borrower,U,M,2074,2.1,902,2.18,4530,85.10%,53.60%,849,57.60%,1237,59.00%,2086,58.40%,2415,49.20%,9.2pp
Desertion,U,M,2778,2.72,852,3.05,4273,83.40%,53.90%,720,55.30%,1195,58.70%,1915,57.40%,2323,50.60%,6.8pp
Morbid Opportunist,B,M,1866,1.88,939,1.97,5210,93.80%,53.60%,877,57.10%,1309,56.80%,2186,56.90%,3011,51.20%,5.7pp
Port Razer,R,M,2919,2.91,435,,1571,62.30%,50.20%,239,,354,,593,49.20%,978,50.60%,-1.4pp
Scapeshift,G,M,5917,5.55,697,8.57,89,2.10%,,14,,30,,44,,45,,
Mystic Snake,UG,M,3804,3.55,787,4.48,2782,59.10%,52.40%,465,,719,56.90%,1184,55.60%,1571,49.80%,5.7pp
Notion Thief,UB,M,3823,3.55,701,4.67,1970,51.10%,45.20%,345,,538,49.40%,883,46.00%,1076,44.40%,1.6pp
Desert,,M,3618,3.3,664,4.13,3131,80.20%,53.40%,530,55.10%,727,57.50%,1257,56.50%,1783,51.10%,5.4pp
Prismatic Vista,,M,2730,2.48,846,2.94,4891,97.40%,53.40%,926,52.50%,1138,52.50%,2064,52.50%,2814,54.00%,-1.5pp
Collector's Cage,W,M,6164,1.75,4014,1.76,23278,93.20%,57.70%,4119,61.60%,5953,62.80%,10072,62.30%,13165,54.10%,8.3pp
Grand Abolisher,W,M,14529,3.73,2026,5.22,6127,51.60%,52.10%,1013,52.50%,1391,52.00%,2404,52.20%,3725,52.10%,0.1pp
Oltec Matterweaver,W,M,6184,1.79,3261,1.85,18160,91.70%,55.30%,3186,59.20%,4455,56.20%,7641,57.40%,10514,53.70%,3.7pp
Rest in Peace,W,M,23542,5.97,2807,9.29,69,0.40%,,7,,13,,20,,49,,
Esoteric Duplicator,U,M,20456,5.21,2538,7.97,1216,8.20%,46.00%,211,,335,,546,44.90%,664,46.80%,-2.0pp
Simulacrum Synthesizer,U,M,17912,4.77,2138,7.27,961,7.60%,46.40%,189,,276,,465,,491,,
Worldwalker Helm,U,M,21189,5.44,2488,8.49,542,3.70%,45.20%,100,,133,,233,,304,,
Greed's Gambit,B,M,19492,4.95,2432,7.44,2567,17.80%,50.90%,424,,665,52.00%,1089,49.40%,1473,51.80%,-2.4pp
Harvester of Misery,B,M,5773,1.64,3689,1.67,20762,92.80%,55.70%,3594,57.70%,5460,62.60%,9054,60.70%,11549,51.60%,9.1pp
Hostile Investigator,B,M,5880,1.65,3970,1.69,23223,94.40%,57.00%,4135,62.60%,5936,62.10%,10071,62.30%,12964,52.90%,9.4pp
Generous Plunderer,R,M,9228,2.46,2703,2.75,14036,85.00%,55.10%,2552,62.20%,3253,55.90%,5805,58.70%,8227,52.50%,6.1pp
Legion Extruder,R,M,11117,3,2407,3.54,9761,68.80%,52.90%,1655,51.60%,2253,56.50%,3908,54.40%,5838,51.80%,2.6pp
Memory Vessel,R,M,23191,5.91,2722,9.04,207,1.30%,,38,,43,,81,,126,,
Molten Duplication,R,M,18679,4.88,1903,7.76,1307,11.80%,47.40%,187,,320,,507,46.20%,798,48.00%,-1.8pp
Territory Forge,R,M,22282,5.84,2560,9.04,239,1.60%,,41,,59,,100,,139,,
Ancient Cornucopia,G,M,14046,3.66,2330,4.93,7656,56.30%,50.70%,1376,50.50%,1839,50.40%,3215,50.40%,4421,50.70%,-0.3pp
Bristlebud Farmer,G,M,5154,1.45,3890,1.45,22983,94.60%,57.60%,3984,62.80%,5648,62.00%,9632,62.30%,13215,54.00%,8.3pp
Omenpath Journey,G,M,18328,4.74,2433,7.05,3638,25.40%,49.80%,614,47.70%,885,52.00%,1499,50.20%,2127,49.40%,0.8pp
Sandstorm Salvager,G,M,5338,1.53,3738,1.56,21687,93.80%,57.10%,3937,61.40%,5115,60.10%,9052,60.70%,12553,54.40%,6.3pp
Vaultborn Tyrant,G,M,4727,1.36,3691,1.36,22036,95.10%,57.90%,3574,61.50%,5500,65.80%,9074,64.10%,12679,53.10%,11.0pp
"Loot, the Key to Everything",URG,M,16744,4.4,2563,6.11,4384,29.40%,50.80%,669,49.60%,1160,55.50%,1829,53.40%,2543,48.80%,4.6pp
Pest Control,WB,M,21867,5.48,2609,8.56,402,2.60%,,72,,96,,168,,234,,
Lost Jitte,,M,6408,1.81,2600,1.84,14012,91.00%,53.10%,2508,56.00%,3358,54.40%,5866,55.10%,8117,51.60%,3.5pp
Lotus Ring,,M,10291,2.85,2474,3.28,11515,78.70%,53.90%,1970,56.10%,2799,57.10%,4769,56.70%,6710,51.80%,4.9pp
Nexus of Becoming,,M,7140,2.06,3793,2.08,21542,93.90%,55.20%,3672,56.70%,5506,58.40%,9178,57.70%,12295,53.20%,4.5pp
Sword of Wealth and Power,,M,5342,1.54,2681,1.57,14557,93.80%,51.40%,2481,51.30%,3698,52.40%,6179,52.00%,8352,50.80%,1.2pp
Torpor Orb,,M,22961,5.84,2644,9.15,89,0.60%,,21,,24,,45,,44,,
Transmutation Font,,M,17480,4.41,2410,6.35,5177,37.40%,49.60%,867,45.10%,1343,50.80%,2210,48.60%,2963,50.30%,-1.8pp
Fomori Vault,,M,22160,5.61,2636,8.72,1225,7.80%,49.70%,198,,286,,484,,737,49.90%,
Tarnation Vista,,M,12696,3.06,2714,4.04,14542,90.90%,52.80%,2696,54.90%,3611,51.10%,6307,52.70%,8208,52.90%,-0.2pp
Fell the Mighty,W,R,17853,3.04,4561,3.55,21432,79.00%,53.80%,3417,52.60%,5199,57.50%,8616,55.50%,12780,52.50%,3.0pp
Fierce Retribution,W,U,96236,4.03,16183,5.58,77250,80.00%,53.80%,13088,52.60%,18905,56.00%,31993,54.60%,45157,53.20%,1.4pp
Journey to Nowhere,W,U,58159,2.56,22024,2.92,124853,92.90%,55.90%,21734,56.50%,30535,59.40%,52269,58.20%,72431,54.10%,4.1pp
Leyline Binding,W,M,8490,2.86,2701,3.3,13929,86.00%,54.40%,2328,54.30%,3415,57.90%,5743,56.40%,8165,53.00%,3.4pp
Pariah,W,R,32080,5.56,3416,8.81,3909,19.40%,50.20%,617,47.20%,960,50.80%,1577,49.40%,2332,50.80%,-1.4pp
Path to Exile,W,R,13353,2.32,4658,2.6,25035,89.80%,54.80%,4272,54.10%,6135,58.30%,10407,56.60%,14573,53.60%,3.0pp
Archive Trap,U,R,25995,4.48,5819,5.31,16643,49.00%,52.40%,2756,50.80%,4951,60.60%,7707,57.10%,8798,47.90%,9.2pp
Archmage's Charm,U,R,30399,5.05,4229,7.45,8679,34.90%,51.70%,1373,51.30%,2478,57.30%,3851,55.10%,4803,48.70%,6.4pp
Commandeer,U,R,34902,6,4071,9.31,1439,6.00%,46.20%,238,,407,,645,45.40%,789,46.90%,-1.5pp
Essence Capture,U,U,124031,5.63,18746,7.8,65472,59.80%,52.20%,10935,53.30%,18370,56.30%,29305,55.10%,35846,49.70%,5.5pp
Mana Drain,U,M,6499,2.36,2738,2.42,13772,85.00%,54.30%,2325,59.60%,3861,59.50%,6186,59.60%,7488,49.80%,9.8pp
Mindbreak Trap,U,M,16792,5.66,2063,8.7,646,5.30%,48.60%,90,,177,,267,,376,,
Repulse,U,U,92603,3.89,23479,4.81,120025,86.20%,53.70%,20915,53.60%,33439,59.10%,54354,57.00%,65090,50.80%,6.2pp
Heartless Pillage,B,U,129623,5.79,16778,8.62,45911,46.70%,52.30%,7618,52.60%,12012,54.70%,19630,53.90%,26179,51.00%,2.9pp
Imp's Mischief,B,R,31779,5.38,3680,8.18,5789,27.20%,47.70%,908,44.10%,1442,49.40%,2350,47.40%,3426,48.00%,-0.6pp
Murder,B,U,71492,3.12,20099,3.74,108812,91.40%,53.80%,18588,53.30%,28677,58.10%,47265,56.20%,61156,51.90%,4.4pp
Overwhelming Forces,B,M,5812,2.23,3146,2.19,17846,91.20%,57.40%,2799,60.70%,4838,67.40%,7637,64.90%,10021,51.30%,13.6pp
Reanimate,B,R,13218,2.35,5275,2.52,27011,88.50%,52.30%,4506,50.80%,7058,55.30%,11564,53.50%,15320,51.30%,2.2pp
Surgical Extraction,B,R,36600,6.29,4045,9.8,254,1.00%,,39,,69,,108,,146,,
Thoughtseize,B,M,9561,3.21,1900,4.07,8171,73.40%,52.40%,1452,53.90%,2140,54.90%,3592,54.50%,4540,50.60%,3.9pp
Collective Defiance,R,R,18612,3.11,3998,3.84,19598,83.00%,53.40%,3083,53.50%,4792,56.40%,7875,55.30%,11695,52.00%,3.2pp
Crackle with Power,R,M,8772,3.13,2468,3.54,11935,80.40%,54.30%,1826,53.20%,2994,60.70%,4820,57.80%,7086,51.70%,6.1pp
Electrodominance,R,R,19941,3.35,3522,4.24,16198,78.50%,52.10%,2511,49.40%,3949,54.90%,6460,52.80%,9707,51.50%,1.2pp
Fling,R,U,142936,6.95,15642,10.43,18015,19.60%,51.10%,2679,47.60%,4175,52.60%,6854,50.60%,11136,51.40%,-0.8pp
Indomitable Creativity,R,M,17229,5.92,1976,9.22,275,2.30%,,34,,65,,99,,176,,
Skewer the Critics,R,U,94566,3.95,15818,5.35,77423,83.20%,52.70%,12804,52.10%,18825,53.90%,31629,53.20%,45678,52.30%,0.9pp
Skullcrack,R,R,32745,5.76,3187,9.08,2598,14.00%,46.30%,402,,579,46.60%,981,45.20%,1615,46.90%,-1.8pp
Clear Shot,G,U,65313,2.82,25596,3.26,144712,93.40%,55.60%,24110,55.10%,34596,58.80%,58706,57.30%,85528,54.50%,2.8pp
Force of Vigor,G,M,15888,5.22,1788,8.21,626,5.90%,48.60%,89,,157,,246,,379,,
Pest Infestation,G,R,14023,2.43,8033,2.53,45514,92.30%,56.60%,7476,57.70%,11325,63.00%,18801,60.90%,26474,53.40%,7.5pp
Primal Command,G,R,17802,3,5922,3.47,29348,82.60%,55.30%,4620,53.80%,7100,59.50%,11720,57.20%,17553,54.10%,3.1pp
Primal Might,G,R,12743,2.2,6112,2.39,34567,92.80%,55.60%,5578,55.40%,8327,59.50%,13905,57.90%,20536,54.00%,3.8pp
Thornado,G,U,144440,6.7,18470,9.95,31933,29.00%,52.20%,5235,49.30%,7357,50.60%,12592,50.10%,19243,53.50%,-3.4pp
Abrupt Decay,BG,R,24419,3.95,5063,5.25,21624,72.00%,54.20%,3680,54.80%,5450,58.20%,9130,56.80%,12396,52.30%,4.5pp
Anguished Unmaking,WB,M,12264,4.03,2059,5.51,7335,60.90%,52.20%,1205,51.50%,1871,55.10%,3076,53.70%,4243,51.00%,2.7pp
Back for More,BG,U,92109,4.03,27297,4.85,129317,78.80%,55.00%,20176,53.60%,32552,58.70%,52728,56.70%,76079,53.60%,3.1pp
Bedevil,BR,R,26121,4.32,4022,5.99,15737,66.70%,51.80%,2533,50.80%,3976,54.20%,6509,52.90%,9176,50.90%,2.0pp
Buried in the Garden,WG,U,68315,3.02,27315,3.39,148766,88.70%,56.70%,25067,57.90%,35614,60.60%,60681,59.50%,87756,54.70%,4.8pp
Crime // Punishment,WBG,M,11250,3.91,2305,5.01,8082,60.20%,52.40%,1242,52.50%,2061,55.50%,3303,54.40%,4738,51.00%,3.4pp
Cruel Ultimatum,UBR,R,26470,4.55,5857,5.48,18225,52.30%,53.90%,2896,55.50%,5259,63.20%,8155,60.40%,9868,48.00%,12.5pp
Decimate,RG,R,35597,6.39,4006,9.93,1034,4.30%,47.00%,157,,253,,410,,623,50.70%,
Decisive Denial,UG,U,136107,6.32,18797,9.14,46649,42.10%,52.10%,7464,50.50%,11954,55.20%,19418,53.40%,26804,50.90%,2.5pp
Detention Sphere,WU,R,24837,4.07,4872,5.23,18740,65.70%,52.20%,3063,51.40%,5164,56.40%,8227,54.50%,10457,50.30%,4.3pp
Endless Detour,WUG,R,37821,6.37,4915,9.5,4474,15.10%,53.20%,732,54.10%,1164,56.50%,1896,55.60%,2552,51.30%,4.3pp
Fractured Identity,WU,M,5827,2.2,3330,2.18,18490,90.90%,55.90%,3065,59.50%,5035,64.20%,8100,62.40%,10275,50.70%,11.8pp
Hindering Light,WU,U,146490,7.49,16949,10.99,15050,15.10%,48.20%,2425,44.90%,4123,51.10%,6548,48.80%,8467,47.70%,1.1pp
Humiliate,WB,U,142396,6.87,20576,9.66,43281,35.30%,55.00%,7217,57.80%,10885,57.20%,18102,57.50%,25141,53.10%,4.3pp
Hypothesizzle,UR,U,121964,5.54,20051,7.56,67480,57.90%,51.00%,10776,50.30%,18536,54.80%,29312,53.10%,37931,49.20%,4.0pp
Ionize,UR,R,32286,5.46,4479,7.94,10292,39.10%,50.90%,1677,49.50%,2969,57.00%,4646,54.30%,5603,47.80%,6.4pp
"Oko, Thief of Crowns",UG,M,3342,1.3,2819,1.3,16497,94.50%,56.90%,2939,64.40%,4237,63.80%,7176,64.10%,9185,51.20%,12.8pp
Outlaws' Merriment,WR,R,15668,2.83,5307,3.06,26169,82.10%,54.40%,4372,59.70%,6331,56.60%,10703,57.90%,15461,52.00%,5.9pp
Ride Down,WR,U,138177,6.61,16140,9.74,32461,33.80%,53.60%,5034,51.50%,7177,53.70%,12211,52.80%,20242,54.10%,-1.3pp
Savage Smash,RG,U,119172,5.2,18472,7.32,68896,62.50%,53.50%,11064,51.20%,15540,53.90%,26604,52.80%,42180,54.00%,-1.2pp
Siphon Insight,UB,R,25401,4.24,5139,5.55,20784,69.10%,52.60%,3530,52.40%,5867,57.30%,9397,55.40%,11308,50.20%,5.2pp
Terminal Agony,BR,U,124825,5.62,16763,8.15,54500,55.40%,52.00%,8783,50.30%,13945,55.10%,22728,53.20%,31582,51.10%,2.1pp
Tyrant's Scorn,UB,U,116603,5.16,22058,6.77,90483,69.40%,53.30%,15541,54.20%,25803,58.90%,41344,57.10%,48695,49.90%,7.2pp
Vanishing Verse,WB,R,25985,4.34,5123,5.6,21558,69.50%,55.30%,3678,56.10%,5474,60.70%,9152,58.80%,12360,52.60%,6.2pp
Villainous Wealth,UBG,R,20820,3.64,6396,4.13,28862,77.60%,52.00%,4610,47.60%,7951,57.90%,12561,54.10%,15870,49.90%,4.3pp
Void Rend,WUB,R,34513,5.82,4703,8.59,7301,26.30%,51.10%,1233,49.30%,2002,57.90%,3235,54.70%,4034,48.10%,6.6pp
Voidslime,UG,R,35967,6.21,4448,9.38,4583,17.40%,50.10%,751,44.50%,1141,56.20%,1892,51.50%,2649,48.80%,2.8pp
Contagion Engine,,M,6499,2.44,2472,2.6,12573,86.40%,52.40%,1991,48.60%,3242,55.90%,5233,53.10%,7311,51.90%,1.2pp
Grindstone,,M,14203,4.84,1594,7.38,2175,23.50%,45.40%,400,,588,46.40%,988,42.30%,1184,48.10%,-5.7pp
Mindslaver,,M,9966,3.52,2026,4.3,7316,62.80%,51.00%,1162,47.90%,1879,51.70%,3041,50.20%,4262,51.60%,-1.3pp
Unlicensed Hearse,,R,18252,3.05,4295,3.7,20486,81.80%,51.70%,3527,51.10%,5119,53.10%,8646,52.30%,11831,51.20%,1.2pp
Dust Bowl,,R,38100,6.57,4232,10.22,1271,5.00%,50.20%,210,,302,,512,46.70%,756,52.50%,-5.8pp
